"table","variable","note","type"
"casualty","age_band_of_casualty",,"character"
"casualty","age_of_casualty",,"numeric"
"casualty","bus_or_coach_passenger",,"character"
"casualty","car_passenger",,"character"
"casualty","casualty_adjusted_serious",,"numeric"
"casualty","casualty_adjusted_slight",,"numeric"
"casualty","casualty_class",,"character"
"casualty","casualty_distance_banding","field introduced in 2023","character"
"casualty","casualty_imd_decile","field introduced in 2016","character"
"casualty","casualty_injury_based",,"character"
"casualty","casualty_reference","unique value for each casualty in a singular accident (historical years may be unique to a singular vehicle in a road accident)","character"
"casualty","casualty_severity",,"character"
"casualty","casualty_type",,"character"
"casualty","collision_index","unique value for each collision. The collision_index combines the collision_year and collision_ref_no to form a unique ID. It can be used to join to Vehicle and Casualty","character"
"casualty","collision_ref_no","In year id used by the police to reference a collision. It is not unique outside of the year, use collision_index for linking to other years","character"
"casualty","collision_year",,"numeric"
"casualty","enhanced_casualty_severity","category introduced where collected in 2023","character"
"casualty","lsoa_of_casualty","England and Wales only. See Office for National Statistics (ONS) guidance: https://www.ons.gov.uk/methodology/geography/ukgeographies/censusgeography","character"
"casualty","pedestrian_location",,"character"
"casualty","pedestrian_movement",,"character"
"casualty","pedestrian_road_maintenance_worker",,"character"
"casualty","sex_of_casualty",,"character"
"casualty","vehicle_reference","unique value for each vehicle in a singular accident. Can be used to join a Casualty to a vehicle","character"
"collision","carriageway_hazards","New field added with the 2024 data - data collected in or converted to the 2024 STATS19 specification","character"
"collision","carriageway_hazards_historic","data collected in the 2011 STATS19 specification (or earlier)","character"
"collision","collision_adjusted_serious",,"numeric"
"collision","collision_adjusted_slight",,"numeric"
"collision","collision_index","unique value for each collision. The collision_index combines the collision_year and collision_ref_no to form a unique ID. It can be used to join to Vehicle and Casualty","character"
"collision","collision_injury_based",,"character"
"collision","collision_ref_no","In year id used by the police to reference a collision. It is not unique outside of the year, use collision_index for linking to other years","character"
"collision","collision_severity",,"character"
"collision","collision_year",,"numeric"
"collision","date",,"character"
"collision","day_of_week",,"character"
"collision","did_police_officer_attend_scene_of_accident",,"character"
"collision","did_police_officer_attend_scene_of_collision",,"character"
"collision","enhanced_collision_severity","category introduced where collected in 2023","character"
"collision","first_road_class",,"character"
"collision","first_road_number",,"character"
"collision","junction_control",,"character"
"collision","junction_detail","New field added with the 2024 data - data collected in or converted to the 2024 STATS19 specification","character"
"collision","junction_detail_historic","data collected in the 2011 STATS19 specification (or earlier)","character"
"collision","latitude","Null if not known","numeric"
"collision","light_conditions",,"character"
"collision","local_authority_district",,"character"
"collision","local_authority_highway",,"character"
"collision","local_authority_highway_current","Field introdcued with 2024 data and maps all collisions to the lastest ONS boundaries (back to 2004) based on the recorded collision location","character"
"collision","local_authority_ons_district",,"character"
"collision","location_easting_osgr","Null if not known","numeric"
"collision","location_northing_osgr","Null if not known","numeric"
"collision","longitude","Null if not known","numeric"
"collision","lsoa_of_accident_location","England and Wales only. See Office for National Statistics (ONS) guidance: https://www.ons.gov.uk/methodology/geography/ukgeographies/censusgeography","character"
"collision","lsoa_of_collision_location","England and Wales only. See Office for National Statistics (ONS) guidance: https://www.ons.gov.uk/methodology/geography/ukgeographies/censusgeography","character"
"collision","number_of_casualties",,"character"
"collision","number_of_vehicles",,"character"
"collision","pedestrian_crossing","New field added with the 2024 data - data collected in or converted to the 2024 STATS19 specification","character"
"collision","pedestrian_crossing_human_control_historic","data collected in the 2011 STATS19 specification (or earlier)","character"
"collision","pedestrian_crossing_physical_facilities_historic","data collected in the 2011 STATS19 specification (or earlier)","character"
"collision","police_force",,"character"
"collision","road_surface_conditions",,"character"
"collision","road_type",,"character"
"collision","second_road_class",,"character"
"collision","second_road_number",,"character"
"collision","special_conditions_at_site",,"character"
"collision","speed_limit","20,30,40,50,60,70 are the only valid speed limits on public highways","character"
"collision","time","Null if not known","character"
"collision","trunk_road_flag",,"character"
"collision","urban_or_rural_area","field introduced in 1994","character"
"collision","weather_conditions",,"character"
"historical_revisions","accident_index","unique value for each accident. The accident_index combines the accident_year and accident_ref_no to form a unique ID. It can be used to join to Vehicle and Casualty","character"
"historical_revisions","accident_ref_no","In year id used by the police to reference a collision. It is not unique outside of the year, use accident_index for linking to other years","character"
"historical_revisions","accident_year",,"numeric"
"historical_revisions","casualty_reference","unique value for each casualty in a singular accident (historical years may be unique to a singular vehicle in a road accident)","character"
"historical_revisions","effective_date_of_change","Date the change was made","character"
"historical_revisions","police_force","(See above)","character"
"historical_revisions","previously_published_value",,"character"
"historical_revisions","replacement_value",,"character"
"historical_revisions","variable","(See police_force values in accident listings for values)","character"
"historical_revisions","vehicle_reference","unique value for each vehicle in a singular accident. Can be used to join a Casualty to a vehicle","character"
"vehicle","age_band_of_driver",,"character"
"vehicle","age_of_driver",,"numeric"
"vehicle","age_of_vehicle",,"numeric"
"vehicle","collision_index","unique value for each collision. The collision_index combines the collision_year and collision_ref_no to form a unique ID. It can be used to join to Vehicle and Casualty","character"
"vehicle","collision_ref_no","In year id used by the police to reference a collision. It is not unique outside of the year, use collision_index for linking to other years","character"
"vehicle","collision_year",,"numeric"
"vehicle","driver_distance_banding","field introduced in 2023","character"
"vehicle","driver_imd_decile","field introduced in 2016","character"
"vehicle","engine_capacity_cc",,"numeric"
"vehicle","escooter_flag","field introduced in 2023","character"
"vehicle","first_point_of_impact",,"character"
"vehicle","generic_make_model","field introduced in 2020","character"
"vehicle","hit_object_in_carriageway",,"character"
"vehicle","hit_object_off_carriageway",,"character"
"vehicle","journey_purpose_of_driver","New field added with the 2024 data - data collected in or converted to the 2024 STATS19 specification","character"
"vehicle","journey_purpose_of_driver_historic","data collected in the 2011 STATS19 specification (or earlier)","character"
"vehicle","junction_location",,"character"
"vehicle","lsoa_of_driver","England and Wales only. See Office for National Statistics (ONS) guidance: https://www.ons.gov.uk/methodology/geography/ukgeographies/censusgeography","character"
"vehicle","propulsion_code",,"character"
"vehicle","sex_of_driver",,"character"
"vehicle","skidding_and_overturning",,"character"
"vehicle","towing_and_articulation",,"character"
"vehicle","vehicle_direction_from","both vehicle_direction_from and vehicle_direction_to should be 0","character"
"vehicle","vehicle_direction_to","both vehicle_direction_from and vehicle_direction_to should be 0","character"
"vehicle","vehicle_leaving_carriageway",,"character"
"vehicle","vehicle_left_hand_drive",,"character"
"vehicle","vehicle_location_restricted_lane","New field added with the 2024 data - data collected in or converted to the 2024 STATS19 specification","character"
"vehicle","vehicle_location_restricted_lane_historic","data collected in the 2011 STATS19 specification (or earlier)","character"
"vehicle","vehicle_manoeuvre","New field added with the 2024 data - data collected in or converted to the 2024 STATS19 specification","character"
"vehicle","vehicle_manoeuvre_historic","data collected in the 2011 STATS19 specification (or earlier)","character"
"vehicle","vehicle_reference","unique value for each vehicle in a singular accident. Can be used to join a Casualty to a vehicle","character"
"vehicle","vehicle_type",,"character"
